triplet_id,source_artifact,pair_id,task_suite,task_id,episode_index,sampling_seed,initial_state_sha256,overlap_unconditioned_condition_order,overlap_unconditioned_success,overlap_unconditioned_policy_queries,overlap_unconditioned_scored_transition_queries,overlap_unconditioned_seam_motion_l2,overlap_unconditioned_seam_gripper_abs,projected_overlap_condition_order,projected_overlap_success,projected_overlap_policy_queries,projected_overlap_scored_transition_queries,projected_overlap_seam_motion_l2,projected_overlap_seam_gripper_abs,rtc_guided_overlap_condition_order,rtc_guided_overlap_success,rtc_guided_overlap_policy_queries,rtc_guided_overlap_scored_transition_queries,rtc_guided_overlap_seam_motion_l2,rtc_guided_overlap_seam_gripper_abs,projected_overlap_success_difference,projected_overlap_seam_motion_l2_difference,projected_overlap_seam_gripper_abs_difference,rtc_guided_overlap_success_difference,rtc_guided_overlap_seam_motion_l2_difference,rtc_guided_overlap_seam_gripper_abs_difference
libero_10__task_00__episode_02__sampling_seed_20260806,evidence/pi05_rtc_overlap_primary_v3_seed_20260806_001/evaluation#sampling_seed=20260806,libero_10__task_00__episode_02,libero_10,0,2,20260806,09d796f823cee14187bf2a6785333abda36ed3318f075d47947bdc9aef9bb7c7,0,1,52,51,0.10929780168568387,0.0019219050220414704,1,1,52,51,0.08343527500755062,0.0798911218549691,2,1,51,50,0.08179275440983474,0.0021287870407104494,0,-0.025862526678133255,0.07796921683292764,0,-0.027505047275849126,0.00020688201866897894
libero_10__task_00__episode_02__sampling_seed_20260807,evidence/pi05_rtc_overlap_primary_v3_seed_20260807_001/evaluation#sampling_seed=20260807,libero_10__task_00__episode_02,libero_10,0,2,20260807,09d796f823cee14187bf2a6785333abda36ed3318f075d47947bdc9aef9bb7c7,0,1,50,49,0.10866324481915454,0.043142704331145,1,1,51,50,0.09175382584333419,0.0022739017009735106,2,1,49,48,0.09636543289525434,0.04413329685727755,0,-0.01690941897582035,-0.04086880263017149,0,-0.012297811923900198,0.0009905925261325527
libero_10__task_00__episode_03__sampling_seed_20260806,evidence/pi05_rtc_overlap_primary_v3_seed_20260806_001/evaluation#sampling_seed=20260806,libero_10__task_00__episode_03,libero_10,0,3,20260806,edb7e1ed0f5a88e539a40f518ac8b757aacb37fdb1ffb64f6e1ced593bae1340,2,1,54,53,0.12028868141461094,0.11566989601783033,0,1,54,53,0.08203653293609056,0.07733455131638725,1,1,56,55,0.08830548367378387,0.075362858989022,0,-0.038252148478520376,-0.03833534470144308,0,-0.03198319774082707,-0.040307037028808335
libero_10__task_00__episode_03__sampling_seed_20260807,evidence/pi05_rtc_overlap_primary_v3_seed_20260807_001/evaluation#sampling_seed=20260807,libero_10__task_00__episode_03,libero_10,0,3,20260807,edb7e1ed0f5a88e539a40f518ac8b757aacb37fdb1ffb64f6e1ced593bae1340,2,1,56,55,0.1016132144088095,0.03870165022936734,0,1,55,54,0.07486693754240319,0.03924510655579744,1,1,56,55,0.07926704468713565,0.0022982142188332296,0,-0.026746276866406307,0.000543456326430096,0,-0.022346169721673845,-0.03640343601053411
libero_10__task_00__episode_04__sampling_seed_20260806,evidence/pi05_rtc_overlap_primary_v3_seed_20260806_001/evaluation#sampling_seed=20260806,libero_10__task_00__episode_04,libero_10,0,4,20260806,9adfb902d112fa2eec46250c8072d365d77ddcc91b80e9b924ae36ffbef78f72,1,1,57,56,0.10234770142207188,0.1448685558778899,2,1,56,55,0.0689430796964602,0.07486915696750987,0,1,56,55,0.0702202814377167,0.07536886930465699,0,-0.03340462172561168,-0.06999939891038004,0,-0.03212741998435517,-0.06949968657323292
libero_10__task_00__episode_04__sampling_seed_20260807,evidence/pi05_rtc_overlap_primary_v3_seed_20260807_001/evaluation#sampling_seed=20260807,libero_10__task_00__episode_04,libero_10,0,4,20260807,9adfb902d112fa2eec46250c8072d365d77ddcc91b80e9b924ae36ffbef78f72,1,1,64,63,0.11082629909709332,0.2559912252047705,2,1,58,57,0.07217546882467311,0.0019160530023407518,0,1,58,57,0.07431440521031618,0.002166201148116798,0,-0.03865083027242021,-0.25407517220242976,0,-0.03651189388677714,-0.25382502405665375
libero_10__task_00__episode_05__sampling_seed_20260806,evidence/pi05_rtc_overlap_primary_v3_seed_20260806_001/evaluation#sampling_seed=20260806,libero_10__task_00__episode_05,libero_10,0,5,20260806,e389769dc08c0e1ddb0d34b65e3f223829630a3036abef007a1ad01b532ab6f8,0,1,53,52,0.13246858732488292,0.07889481461965121,1,1,53,52,0.09129312067615011,0.0025862363668588493,2,1,53,52,0.09914054929350431,0.002323495653959421,0,-0.04117546664873281,-0.07630857825279236,0,-0.03332803803137861,-0.07657131896569179
libero_10__task_00__episode_05__sampling_seed_20260807,evidence/pi05_rtc_overlap_primary_v3_seed_20260807_001/evaluation#sampling_seed=20260807,libero_10__task_00__episode_05,libero_10,0,5,20260807,e389769dc08c0e1ddb0d34b65e3f223829630a3036abef007a1ad01b532ab6f8,0,1,53,52,0.11190395712709197,0.07830920471594884,1,1,53,52,0.0805114172399044,0.11694357716120206,2,1,53,52,0.09415239432396796,0.040952902573805586,0,-0.03139253988718757,0.03863437244525322,0,-0.01775156280312401,-0.03735630214214325
libero_10__task_00__episode_06__sampling_seed_20260806,evidence/pi05_rtc_overlap_primary_v3_seed_20260806_001/evaluation#sampling_seed=20260806,libero_10__task_00__episode_06,libero_10,0,6,20260806,fc90a2ad5285c590025514a2476c3a071768019a79e015c775295c69d4fc2404,2,1,59,58,0.10291791440726354,0.13978290968927845,0,1,57,56,0.06972649600356817,0.03704121708869934,1,1,57,56,0.06806396420246788,0.03769204765558243,0,-0.03319141840369537,-0.10274169260057911,0,-0.03485395020479566,-0.10209086203369602
libero_10__task_00__episode_06__sampling_seed_20260807,evidence/pi05_rtc_overlap_primary_v3_seed_20260807_001/evaluation#sampling_seed=20260807,libero_10__task_00__episode_06,libero_10,0,6,20260807,fc90a2ad5285c590025514a2476c3a071768019a79e015c775295c69d4fc2404,2,1,55,54,0.0932595624709157,0.039283276708037766,0,1,56,55,0.07652196901088411,0.001893892071463845,1,1,56,55,0.08124983327632601,0.038523110476407135,0,-0.01673759346003159,-0.03738938463657392,0,-0.012009729194589688,-0.000760166231630631
libero_10__task_01__episode_02__sampling_seed_20260806,evidence/pi05_rtc_overlap_primary_v3_seed_20260806_001/evaluation#sampling_seed=20260806,libero_10__task_01__episode_02,libero_10,1,2,20260806,1ec7767b9f514513414cc3c03e55d762c5bc32b0e3e5ae41f6d08bb15ca042d2,1,1,52,51,0.13020194566571244,0.041835769718768546,2,1,52,51,0.11111925692096644,0.15931701075796986,0,1,50,49,0.1141840189657345,0.08412543486575691,0,-0.019082688744746,0.11748124103920132,0,-0.01601792669997794,0.04228966514698836
libero_10__task_01__episode_02__sampling_seed_20260807,evidence/pi05_rtc_overlap_primary_v3_seed_20260807_001/evaluation#sampling_seed=20260807,libero_10__task_01__episode_02,libero_10,1,2,20260807,1ec7767b9f514513414cc3c03e55d762c5bc32b0e3e5ae41f6d08bb15ca042d2,1,1,68,67,0.209448286165386,0.2405518987285557,2,1,49,48,0.10077220156866436,0.04318678999940554,0,1,51,50,0.1052612435258925,0.041787033081054685,0,-0.10867608459672164,-0.19736510872915017,0,-0.1041870426394935,-0.198764865647501
libero_10__task_01__episode_03__sampling_seed_20260806,evidence/pi05_rtc_overlap_primary_v3_seed_20260806_001/evaluation#sampling_seed=20260806,libero_10__task_01__episode_03,libero_10,1,3,20260806,185b39ffa8a46282739b26dc52726959f79b60cf95603e36f219a4338f217a3e,0,1,63,62,0.17949930704649417,0.163455831427728,1,1,63,62,0.10569255444551667,0.034970572879237515,2,1,50,49,0.08924245864761118,0.08364292431850823,0,-0.0738067526009775,-0.12848525854849047,0,-0.09025684839888298,-0.07981290710921976
libero_10__task_01__episode_03__sampling_seed_20260807,evidence/pi05_rtc_overlap_primary_v3_seed_20260807_001/evaluation#sampling_seed=20260807,libero_10__task_01__episode_03,libero_10,1,3,20260807,185b39ffa8a46282739b26dc52726959f79b60cf95603e36f219a4338f217a3e,0,1,50,49,0.11770062100104227,0.002051352238168522,1,1,51,50,0.105100293494761,0.04157035231590271,2,1,50,49,0.10909347741731576,0.0025814625681663044,0,-0.012600327506281275,0.03951900007773419,0,-0.00860714358372651,0.0005301103299977824
libero_10__task_01__episode_04__sampling_seed_20260806,evidence/pi05_rtc_overlap_primary_v3_seed_20260806_001/evaluation#sampling_seed=20260806,libero_10__task_01__episode_04,libero_10,1,4,20260806,365814b6a54f5018ec1ab2170cada0bdfd77117b76d73b756a1465d093d0069d,2,1,51,50,0.1200255400687456,0.04239848971366882,0,1,52,51,0.12209633863804971,0.041633112757813694,1,1,50,49,0.10518517318580832,0.002349761067604532,0,0.0020707985693041026,-0.0007653769558551293,0,-0.014840366882937286,-0.04004872864606429
libero_10__task_01__episode_04__sampling_seed_20260807,evidence/pi05_rtc_overlap_primary_v3_seed_20260807_001/evaluation#sampling_seed=20260807,libero_10__task_01__episode_04,libero_10,1,4,20260807,365814b6a54f5018ec1ab2170cada0bdfd77117b76d73b756a1465d093d0069d,2,1,52,51,0.14815672881462993,0.04172172733381683,0,1,52,51,0.10105851153824844,0.11917412164164524,1,1,60,59,0.11982344687616421,0.0366126733311152,0,-0.0470982172763815,0.07745239430782841,0,-0.028333281938465724,-0.005109054002701625
libero_10__task_01__episode_05__sampling_seed_20260806,evidence/pi05_rtc_overlap_primary_v3_seed_20260806_001/evaluation#sampling_seed=20260806,libero_10__task_01__episode_05,libero_10,1,5,20260806,86d4f90595b546f403e8561410cacf4115546fbddcde5aee2b8923bd71505562,1,1,50,49,0.12508798177753175,0.043223222907708615,2,1,50,49,0.09977755349661623,0.0025122299486277054,0,1,60,59,0.14004748971280406,0.03635399220353466,0,-0.025310428280915523,-0.04071099295908091,0,0.014959507935272315,-0.006869230704173952
libero_10__task_01__episode_05__sampling_seed_20260807,evidence/pi05_rtc_overlap_primary_v3_seed_20260807_001/evaluation#sampling_seed=20260807,libero_10__task_01__episode_05,libero_10,1,5,20260807,86d4f90595b546f403e8561410cacf4115546fbddcde5aee2b8923bd71505562,1,1,50,49,0.14957781223466202,0.001935856682913644,2,1,51,50,0.12002384155988693,0.0418097460269928,0,1,50,49,0.1156902410165996,0.042991814564685434,0,-0.029553970674775082,0.03987388934407916,0,-0.03388757121806242,0.04105595788177179
libero_10__task_01__episode_06__sampling_seed_20260806,evidence/pi05_rtc_overlap_primary_v3_seed_20260806_001/evaluation#sampling_seed=20260806,libero_10__task_01__episode_06,libero_10,1,6,20260806,f12cc1f5a49bffc33cbb843046143acccc36873af2e1b29fae86d1645fef5195,0,1,50,49,0.12541948715034795,0.04292947783762095,1,1,51,50,0.10283801514655351,0.04281361222267151,2,1,60,59,0.11758710625502518,0.06938333531557503,0,-0.022581472003794442,-0.00011586561494944525,0,-0.007832380895322774,0.026453857477954076
libero_10__task_01__episode_06__sampling_seed_20260807,evidence/pi05_rtc_overlap_primary_v3_seed_20260807_001/evaluation#sampling_seed=20260807,libero_10__task_01__episode_06,libero_10,1,6,20260807,f12cc1f5a49bffc33cbb843046143acccc36873af2e1b29fae86d1645fef5195,0,1,51,50,0.1274419730901718,0.002062152624130249,1,1,50,49,0.09692466739869239,0.04297968197842034,2,1,51,50,0.11347927540540695,0.002253592014312744,0,-0.03051730569147941,0.040917529354290084,0,-0.013962697684764852,0.0001914393901824951
libero_10__task_02__episode_02__sampling_seed_20260806,evidence/pi05_rtc_overlap_primary_v3_seed_20260806_001/evaluation#sampling_seed=20260806,libero_10__task_02__episode_02,libero_10,2,2,20260806,ecdca27a89e6f2661f96eb2ef380fc8caf1e22c6093c68e1bab2de6eb06a3576,2,1,49,48,0.10189352844220896,0.08601205175121625,0,1,52,51,0.07905890708606617,0.04157774121153588,1,1,49,48,0.09003425051923841,0.08534490565458934,0,-0.022834621356142795,-0.04443431053968037,0,-0.011859277922970549,-0.0006671460966269083
libero_10__task_02__episode_02__sampling_seed_20260807,evidence/pi05_rtc_overlap_primary_v3_seed_20260807_001/evaluation#sampling_seed=20260807,libero_10__task_02__episode_02,libero_10,2,2,20260807,ecdca27a89e6f2661f96eb2ef380fc8caf1e22c6093c68e1bab2de6eb06a3576,2,1,50,49,0.10469765664667499,0.002818882465362549,0,1,48,47,0.08259853478917416,0.04452679765985367,1,1,50,49,0.08186886145980382,0.0027780642314833037,0,-0.022099121857500834,0.04170791519449112,0,-0.02282879518687117,-4.0818233879245155e-05
libero_10__task_02__episode_03__sampling_seed_20260806,evidence/pi05_rtc_overlap_primary_v3_seed_20260806_001/evaluation#sampling_seed=20260806,libero_10__task_02__episode_03,libero_10,2,3,20260806,96049a7c047bb6d83f64cfdb341600487f2596fb2b5cfc18d10df53d3f25c52d,1,1,50,49,0.09414983000986431,0.08408768687929426,2,1,49,48,0.07660026896822576,0.04431757082541784,0,1,51,50,0.08599155528470874,0.12266602635383606,0,-0.017549561041638545,-0.03977011605387642,0,-0.008158274725155568,0.0385783394745418
libero_10__task_02__episode_03__sampling_seed_20260807,evidence/pi05_rtc_overlap_primary_v3_seed_20260807_001/evaluation#sampling_seed=20260807,libero_10__task_02__episode_03,libero_10,2,3,20260807,96049a7c047bb6d83f64cfdb341600487f2596fb2b5cfc18d10df53d3f25c52d,1,1,51,50,0.10117296809330582,0.04229880452156067,2,1,49,48,0.08253366137311484,0.04350279768308004,0,1,50,49,0.08585616609803876,0.002014099335183903,0,-0.018639306720190985,0.0012039931615193677,0,-0.015316801995267068,-0.04028470518637677
libero_10__task_02__episode_04__sampling_seed_20260806,evidence/pi05_rtc_overlap_primary_v3_seed_20260806_001/evaluation#sampling_seed=20260806,libero_10__task_02__episode_04,libero_10,2,4,20260806,654e352436e201bdd07b2305ff7ea0ac08024df99629f9e3c3facf833f650065,0,1,50,49,0.08220005518167603,0.08390074238485219,1,1,45,44,0.08245276134799827,0.047708300026980316,2,1,47,46,0.08513309191102567,0.08896213122036147,0,0.0002527061663222391,-0.036192442357871876,0,0.0029330367293496362,0.005061388835509273
libero_10__task_02__episode_04__sampling_seed_20260807,evidence/pi05_rtc_overlap_primary_v3_seed_20260807_001/evaluation#sampling_seed=20260807,libero_10__task_02__episode_04,libero_10,2,4,20260807,654e352436e201bdd07b2305ff7ea0ac08024df99629f9e3c3facf833f650065,0,1,43,42,0.09417590232832092,0.04969334034692673,1,1,45,44,0.07986300019547343,0.047619311646981674,2,1,45,44,0.07837752695195377,0.047689068046483124,0,-0.014312902132847485,-0.002074028699945059,0,-0.01579837537636715,-0.002004272300443609
libero_10__task_02__episode_05__sampling_seed_20260806,evidence/pi05_rtc_overlap_primary_v3_seed_20260806_001/evaluation#sampling_seed=20260806,libero_10__task_02__episode_05,libero_10,2,5,20260806,6e4019da6e8db4a3aa56a19a7d29091ed8389e239f23efe2e7e39e6eaa8b3d6c,2,1,47,46,0.10020247409525125,0.0022745145403820534,0,1,45,44,0.07930013082328845,0.04741675068031658,1,1,48,47,0.07496274928463266,0.04475625905584782,0,-0.020902343271962803,0.045142236139934525,0,-0.02523972481061859,0.04248174451546577
libero_10__task_02__episode_05__sampling_seed_20260807,evidence/pi05_rtc_overlap_primary_v3_seed_20260807_001/evaluation#sampling_seed=20260807,libero_10__task_02__episode_05,libero_10,2,5,20260807,6e4019da6e8db4a3aa56a19a7d29091ed8389e239f23efe2e7e39e6eaa8b3d6c,2,1,47,46,0.0958634507437439,0.04557256724523461,0,1,45,44,0.08198551727797497,0.047758558934385124,1,1,48,47,0.07880226623742505,0.0020115641837424422,0,-0.013877933465768932,0.0021859916891505127,0,-0.017061184506318855,-0.043561003061492166
libero_10__task_02__episode_06__sampling_seed_20260806,evidence/pi05_rtc_overlap_primary_v3_seed_20260806_001/evaluation#sampling_seed=20260806,libero_10__task_02__episode_06,libero_10,2,6,20260806,19d59141a36095d6be0742a7f22b0b79824fc17cf057677ea1d540ddaa5e527f,1,1,49,48,0.09188844783542056,0.04433044915397962,2,1,49,48,0.07895655538110684,0.04416378835837046,0,1,58,57,0.09038633021542378,0.10742289141604774,0,-0.012931892454313726,-0.00016666079560916092,0,-0.0015021176199967873,0.06309244226206812
libero_10__task_02__episode_06__sampling_seed_20260807,evidence/pi05_rtc_overlap_primary_v3_seed_20260807_001/evaluation#sampling_seed=20260807,libero_10__task_02__episode_06,libero_10,2,6,20260807,19d59141a36095d6be0742a7f22b0b79824fc17cf057677ea1d540ddaa5e527f,1,1,55,54,0.10459738412733983,0.002904056398956864,2,0,105,104,0.1309132430380067,0.21309399318236572,0,0,105,104,0.12182901377001634,0.07145831733942032,-1,0.02631585891066686,0.21018993678340886,-1,0.017231629642676508,0.06855426094046345
libero_10__task_03__episode_02__sampling_seed_20260806,evidence/pi05_rtc_overlap_primary_v3_seed_20260806_001/evaluation#sampling_seed=20260806,libero_10__task_03__episode_02,libero_10,3,2,20260806,f80097fd66ed0808638e753c2400ec014c7cd9e07f18024c7f1cdc2165cebb4c,0,1,54,53,0.13441702937883027,0.07745194547581223,1,1,69,68,0.11439774662037105,0.11943692144225626,2,1,55,54,0.12725487008207925,0.14979554216066995,0,-0.02001928275845921,0.04198497596644403,0,-0.007162159296751014,0.07234359668485772
libero_10__task_03__episode_02__sampling_seed_20260807,evidence/pi05_rtc_overlap_primary_v3_seed_20260807_001/evaluation#sampling_seed=20260807,libero_10__task_03__episode_02,libero_10,3,2,20260807,f80097fd66ed0808638e753c2400ec014c7cd9e07f18024c7f1cdc2165cebb4c,0,1,55,54,0.12432488419667438,0.07623175117704603,1,1,56,55,0.10125924230299213,0.07444396560842341,2,1,54,53,0.09912860894329706,0.0774336704668009,0,-0.02306564189368225,-0.0017877855686226213,0,-0.025196275253377323,0.0012019192897548686
libero_10__task_03__episode_03__sampling_seed_20260806,evidence/pi05_rtc_overlap_primary_v3_seed_20260806_001/evaluation#sampling_seed=20260806,libero_10__task_03__episode_03,libero_10,3,3,20260806,03eeddcc7775499fc08bdc5fe416106c0f312f01ec2ccff78276f549b9423283,2,1,45,44,0.09564495950259945,0.047913997010751205,0,1,45,44,0.08010006746785207,0.0026881437410007825,1,1,44,43,0.08110365410183751,0.0024225822714872137,0,-0.015544892034747376,-0.04522585326975042,0,-0.014541305400761942,-0.04549141473926399
libero_10__task_03__episode_03__sampling_seed_20260807,evidence/pi05_rtc_overlap_primary_v3_seed_20260807_001/evaluation#sampling_seed=20260807,libero_10__task_03__episode_03,libero_10,3,3,20260807,03eeddcc7775499fc08bdc5fe416106c0f312f01ec2ccff78276f549b9423283,2,1,42,41,0.11684511592838823,0.0019129267553003823,0,1,43,42,0.07029525864691961,0.04995317544255938,1,1,44,43,0.07685519583783178,0.09496785596359608,0,-0.04654985728146861,0.048040248687259,0,-0.03998992009055645,0.0930549292082957
libero_10__task_03__episode_04__sampling_seed_20260806,evidence/pi05_rtc_overlap_primary_v3_seed_20260806_001/evaluation#sampling_seed=20260806,libero_10__task_03__episode_04,libero_10,3,4,20260806,e02cb66df86fce5b1f57cc77f769c03974d2f61201ab318b76ae4937f2783ac6,1,1,44,43,0.10267133798536866,0.0027065970176874204,2,1,45,44,0.0702549413439225,0.002376210960474881,0,1,45,44,0.07629747023086318,0.0024871663613752885,0,-0.03241639664144616,-0.0003303860572125392,0,-0.02637386775450548,-0.00021943065631213187
libero_10__task_03__episode_04__sampling_seed_20260807,evidence/pi05_rtc_overlap_primary_v3_seed_20260807_001/evaluation#sampling_seed=20260807,libero_10__task_03__episode_04,libero_10,3,4,20260807,e02cb66df86fce5b1f57cc77f769c03974d2f61201ab318b76ae4937f2783ac6,1,1,45,44,0.0827594230861657,0.04744726690379056,2,1,45,44,0.07022397226484661,0.047568753361701965,0,1,46,45,0.07346938610490826,0.04671631786558363,0,-0.012535450821319086,0.00012148645791140722,0,-0.009290036981257438,-0.0007309490382069253
libero_10__task_03__episode_05__sampling_seed_20260806,evidence/pi05_rtc_overlap_primary_v3_seed_20260806_001/evaluation#sampling_seed=20260806,libero_10__task_03__episode_05,libero_10,3,5,20260806,0faae0a5e717ea453a6b62c35e41eed40e8af890ab71a770e18df77546775833,0,1,44,43,0.11282632491269777,0.04860751712045004,1,1,44,43,0.07974054337327563,0.002204233823820602,2,1,44,43,0.08455515457966993,0.002321477546248325,0,-0.03308578153942214,-0.04640328329662944,0,-0.02827117033302784,-0.046286039574201715
libero_10__task_03__episode_05__sampling_seed_20260807,evidence/pi05_rtc_overlap_primary_v3_seed_20260807_001/evaluation#sampling_seed=20260807,libero_10__task_03__episode_05,libero_10,3,5,20260807,0faae0a5e717ea453a6b62c35e41eed40e8af890ab71a770e18df77546775833,0,1,43,42,0.10025571113718408,0.04915196838833037,1,1,43,42,0.07380427872495991,0.049414633285431636,2,1,42,41,0.07324775617297102,0.05071486496343845,0,-0.02645143241222417,0.00026266489710126406,0,-0.027007954964213057,0.0015628965751080803
libero_10__task_03__episode_06__sampling_seed_20260806,evidence/pi05_rtc_overlap_primary_v3_seed_20260806_001/evaluation#sampling_seed=20260806,libero_10__task_03__episode_06,libero_10,3,6,20260806,9a9952103cf06991361e50b406689bcfe9a183b0e54d901cf38fa791c74fd28c,2,1,44,43,0.0862535673171975,0.002738104310146598,0,1,44,43,0.06655655812125566,0.049004316329956055,1,1,44,43,0.07959042424552662,0.002636102742927019,0,-0.019697009195941834,0.046266212019809454,0,-0.006663143071670874,-0.00010200156721957903
libero_10__task_03__episode_06__sampling_seed_20260807,evidence/pi05_rtc_overlap_primary_v3_seed_20260807_001/evaluation#sampling_seed=20260807,libero_10__task_03__episode_06,libero_10,3,6,20260807,9a9952103cf06991361e50b406689bcfe9a183b0e54d901cf38fa791c74fd28c,2,1,43,42,0.08067196119754087,0.001997374352954683,0,1,44,43,0.07121109836843124,0.048712593178416405,1,1,44,43,0.07552407603970794,0.048292922419171,0,-0.009460862829109629,0.04671521882546172,0,-0.005147885157832932,0.046295548066216316
libero_10__task_04__episode_02__sampling_seed_20260806,evidence/pi05_rtc_overlap_primary_v3_seed_20260806_001/evaluation#sampling_seed=20260806,libero_10__task_04__episode_02,libero_10,4,2,20260806,4a783f20a71b6d4e9f6a4fd2751010bcf59d530795d4dc6f1d51dfa12267c460,1,0,105,104,0.17874295889543226,0.060527168214321136,2,1,43,42,0.08078988370973439,0.00454391326223101,0,0,105,104,0.09951878215472859,0.041261799060381375,1,-0.09795307518569787,-0.055983254952090125,0,-0.07922417674070367,-0.01926536915393976
libero_10__task_04__episode_02__sampling_seed_20260807,evidence/pi05_rtc_overlap_primary_v3_seed_20260807_001/evaluation#sampling_seed=20260807,libero_10__task_04__episode_02,libero_10,4,2,20260807,4a783f20a71b6d4e9f6a4fd2751010bcf59d530795d4dc6f1d51dfa12267c460,1,1,44,43,0.08533304492228252,0.005186075387999069,2,1,46,45,0.07867675647139549,0.09112556510501438,0,1,45,44,0.07535127393732016,0.09350391816009175,0,-0.006656288450887032,0.08593948971701532,0,-0.009981770984962363,0.08831784277209268
libero_10__task_04__episode_03__sampling_seed_20260806,evidence/pi05_rtc_overlap_primary_v3_seed_20260806_001/evaluation#sampling_seed=20260806,libero_10__task_04__episode_03,libero_10,4,3,20260806,e9c55fe9a89fdcc31bf0499534174676b9ea88475da15ea9d6974b155653ba82,0,1,46,45,0.09260158861676852,0.0023704674508836536,1,1,46,45,0.0793764991271827,0.09120555188920763,2,1,46,45,0.07846545930951834,0.002180578973558214,0,-0.013225089489585826,0.08883508443832398,0,-0.014136129307250181,-0.00018988847732543963
libero_10__task_04__episode_03__sampling_seed_20260807,evidence/pi05_rtc_overlap_primary_v3_seed_20260807_001/evaluation#sampling_seed=20260807,libero_10__task_04__episode_03,libero_10,4,3,20260807,e9c55fe9a89fdcc31bf0499534174676b9ea88475da15ea9d6974b155653ba82,0,1,45,44,0.08683451095765288,0.04747315428473733,1,1,46,45,0.08054996964832146,0.046373995145161946,2,1,46,45,0.08192510195076466,0.002111274666256375,0,-0.006284541309331412,-0.0010991591395753814,0,-0.004909409006888216,-0.045361879618480955
libero_10__task_04__episode_04__sampling_seed_20260806,evidence/pi05_rtc_overlap_primary_v3_seed_20260806_001/evaluation#sampling_seed=20260806,libero_10__task_04__episode_04,libero_10,4,4,20260806,950a29f08d591e6e5896cf403fbfbb0b443cf6c9850f6f66eb9105bfe9c09baf,2,1,48,47,0.08311061176689381,0.04486769818245096,0,1,48,47,0.06968706509375826,0.12939416220847597,1,1,51,50,0.08114040838554501,0.08237241744995118,0,-0.013423546673135556,0.08452646402602501,0,-0.0019702033813488035,0.037504719267500215
libero_10__task_04__episode_04__sampling_seed_20260807,evidence/pi05_rtc_overlap_primary_v3_seed_20260807_001/evaluation#sampling_seed=20260807,libero_10__task_04__episode_04,libero_10,4,4,20260807,950a29f08d591e6e5896cf403fbfbb0b443cf6c9850f6f66eb9105bfe9c09baf,2,1,50,49,0.0926516001892029,0.08379881479302231,0,1,48,47,0.07236883737780947,0.04470708522390812,1,1,53,52,0.07114777945053692,0.07917351332994607,0,-0.020282762811393434,-0.03909172956911419,0,-0.021503820738665982,-0.004625301463076242
libero_10__task_04__episode_05__sampling_seed_20260806,evidence/pi05_rtc_overlap_primary_v3_seed_20260806_001/evaluation#sampling_seed=20260806,libero_10__task_04__episode_05,libero_10,4,5,20260806,41b72a58c8844d803359bd4b68b067012eaea5874aa65594fa1168fb9d8b1e77,1,1,45,44,0.09723194131881675,0.04805977778001265,2,1,45,44,0.0834800968666307,0.09321047636595639,0,1,45,44,0.08669516228308732,0.047341986136002975,0,-0.013751844452186052,0.04515069858594374,0,-0.01053677903572943,-0.0007177916440096743
libero_10__task_04__episode_05__sampling_seed_20260807,evidence/pi05_rtc_overlap_primary_v3_seed_20260807_001/evaluation#sampling_seed=20260807,libero_10__task_04__episode_05,libero_10,4,5,20260807,41b72a58c8844d803359bd4b68b067012eaea5874aa65594fa1168fb9d8b1e77,1,1,46,45,0.07290009249829583,0.04714207781685723,2,1,52,51,0.07994636224911493,0.0418926804673438,0,1,52,51,0.09235801158801597,0.041966079496869854,0,0.007046269750819095,-0.005249397349513435,0,0.019457919089720138,-0.005175998319987378
libero_10__task_04__episode_06__sampling_seed_20260806,evidence/pi05_rtc_overlap_primary_v3_seed_20260806_001/evaluation#sampling_seed=20260806,libero_10__task_04__episode_06,libero_10,4,6,20260806,e955bec6e6940c9ec99083a085ac1248f16f7740f6340021fdf0cd9de473fba9,0,1,56,55,0.12268006181852384,0.038631931218233974,1,1,56,55,0.10127188118005341,0.08478923819281838,2,1,54,53,0.0900866652856458,0.040094454333467304,0,-0.021408180638470428,0.0461573069745844,0,-0.032593396532878044,0.0014625231152333301
libero_10__task_04__episode_06__sampling_seed_20260807,evidence/pi05_rtc_overlap_primary_v3_seed_20260807_001/evaluation#sampling_seed=20260807,libero_10__task_04__episode_06,libero_10,4,6,20260807,e955bec6e6940c9ec99083a085ac1248f16f7740f6340021fdf0cd9de473fba9,0,1,53,52,0.10819479282228993,0.07947348058223724,1,1,52,51,0.08979172570010026,0.11961656224493887,2,1,60,59,0.09144120391900257,0.07014373500468367,0,-0.01840306712218967,0.04014308166270163,0,-0.01675358890328736,-0.009329745577553575
libero_10__task_05__episode_02__sampling_seed_20260806,evidence/pi05_rtc_overlap_primary_v3_seed_20260806_001/evaluation#sampling_seed=20260806,libero_10__task_05__episode_02,libero_10,5,2,20260806,d516b81b3ffedc25ec1be06bc66966dd331639f75fab18d246d179c983972011,2,1,36,35,0.10597815808973142,0.059211157049451554,0,1,29,28,0.08651792337851864,0.0026614006076540265,1,1,32,31,0.08852282656176437,0.06699006595919209,0,-0.019460234711212776,-0.05654975644179753,0,-0.01745533152796705,0.007778908909740534
libero_10__task_05__episode_02__sampling_seed_20260807,evidence/pi05_rtc_overlap_primary_v3_seed_20260807_001/evaluation#sampling_seed=20260807,libero_10__task_05__episode_02,libero_10,5,2,20260807,d516b81b3ffedc25ec1be06bc66966dd331639f75fab18d246d179c983972011,2,1,31,30,0.08698625986774762,0.06850001215934753,0,1,33,32,0.06700200829072855,0.06441730819642544,1,1,33,32,0.07704097137320787,0.06440637819468975,0,-0.019984251577019066,-0.004082703962922096,0,-0.009945288494539753,-0.0040936339646577835
libero_10__task_05__episode_03__sampling_seed_20260806,evidence/pi05_rtc_overlap_primary_v3_seed_20260806_001/evaluation#sampling_seed=20260806,libero_10__task_05__episode_03,libero_10,5,3,20260806,090e125940d95bfe4267cf4bdf6ef9b119a72b28761931e2b8cfc1bc46d5963c,1,1,34,33,0.08565401288708954,0.002385843883861195,2,1,34,33,0.06834253476876201,0.002704988826404918,0,1,34,33,0.06576429256661372,0.002470216967842796,0,-0.017311478118327533,0.00031914494254372313,0,-0.019889720320475826,8.437308398160075e-05
libero_10__task_05__episode_03__sampling_seed_20260807,evidence/pi05_rtc_overlap_primary_v3_seed_20260807_001/evaluation#sampling_seed=20260807,libero_10__task_05__episode_03,libero_10,5,3,20260807,090e125940d95bfe4267cf4bdf6ef9b119a72b28761931e2b8cfc1bc46d5963c,1,1,34,33,0.09144916368479078,0.0625588135285811,2,1,34,33,0.06587135055187074,0.0627435463847536,0,1,34,33,0.06440296915896011,0.0627814531326294,0,-0.02557781313292004,0.0001847328561725009,0,-0.027046194525830666,0.0002226396040482942
libero_10__task_05__episode_04__sampling_seed_20260806,evidence/pi05_rtc_overlap_primary_v3_seed_20260806_001/evaluation#sampling_seed=20260806,libero_10__task_05__episode_04,libero_10,5,4,20260806,3e895df70eb53619b8d7093b9567eb735693f8df472bc96de3f4776a2d56e7b8,0,1,40,39,0.10209059636466779,0.0025666035138643705,1,1,39,38,0.07785713770671894,0.0021513512260035463,2,1,39,38,0.075282405473684,0.002332638753087897,0,-0.024233458657948848,-0.0004152522878608242,0,-0.026808190890983782,-0.00023396476077647364
libero_10__task_05__episode_04__sampling_seed_20260807,evidence/pi05_rtc_overlap_primary_v3_seed_20260807_001/evaluation#sampling_seed=20260807,libero_10__task_05__episode_04,libero_10,5,4,20260807,3e895df70eb53619b8d7093b9567eb735693f8df472bc96de3f4776a2d56e7b8,0,1,38,37,0.08383277141665285,0.002053188311087119,1,1,37,36,0.06326461303979158,0.0021702763107087878,2,1,38,37,0.07181722288196152,0.0022123504329372096,0,-0.020568158376861267,0.00011708799962166895,0,-0.012015548534691334,0.0001591621218500908
libero_10__task_05__episode_05__sampling_seed_20260806,evidence/pi05_rtc_overlap_primary_v3_seed_20260806_001/evaluation#sampling_seed=20260806,libero_10__task_05__episode_05,libero_10,5,5,20260806,301adada89aa9b7b381cb032db5653b69efce69951893284248756a8624b0b38,2,1,33,32,0.10361262073274702,0.002236541360616684,0,1,33,32,0.07163944345666096,0.0024596862494945526,1,1,33,32,0.07967399328481406,0.0025043077766895294,0,-0.03197317727608606,0.00022314488887786865,0,-0.02393862744793296,0.00026776641607284546
libero_10__task_05__episode_05__sampling_seed_20260807,evidence/pi05_rtc_overlap_primary_v3_seed_20260807_001/evaluation#sampling_seed=20260807,libero_10__task_05__episode_05,libero_10,5,5,20260807,301adada89aa9b7b381cb032db5653b69efce69951893284248756a8624b0b38,2,1,45,44,0.12238749846900729,0.002353204922242598,0,1,49,48,0.09206167144778495,0.0021613178153832755,1,1,44,43,0.09768744649062323,0.0021577449732048566,0,-0.030325827021222343,-0.00019188710685932257,0,-0.024700051978384055,-0.00019545994903774145
libero_10__task_05__episode_06__sampling_seed_20260806,evidence/pi05_rtc_overlap_primary_v3_seed_20260806_001/evaluation#sampling_seed=20260806,libero_10__task_05__episode_06,libero_10,5,6,20260806,540314edad9b1e6b2288fab00f97f45c064e0bb300be260ac17b9ca56fa540b2,1,1,33,32,0.08140511927194893,0.00225767120718956,2,1,33,32,0.07782368391053751,0.001828918233513832,0,1,33,32,0.07934525533346459,0.0015333294868469238,0,-0.0035814353614114225,-0.00042875297367572784,0,-0.002059863938484341,-0.0007243417203426361
libero_10__task_05__episode_06__sampling_seed_20260807,evidence/pi05_rtc_overlap_primary_v3_seed_20260807_001/evaluation#sampling_seed=20260807,libero_10__task_05__episode_06,libero_10,5,6,20260807,540314edad9b1e6b2288fab00f97f45c064e0bb300be260ac17b9ca56fa540b2,1,1,33,32,0.09678036562399939,0.002435004338622093,2,1,32,31,0.0710648529892487,0.002009610975942304,0,1,33,32,0.07073012008913793,0.002103647217154503,0,-0.025715512634750692,-0.000425393362679789,0,-0.02605024553486146,-0.00033135712146759033
libero_10__task_06__episode_02__sampling_seed_20260806,evidence/pi05_rtc_overlap_primary_v3_seed_20260806_001/evaluation#sampling_seed=20260806,libero_10__task_06__episode_02,libero_10,6,2,20260806,c3bce1c646797c7a2927e5bf81f9c4587f119bf27a9fdd3cd77a34521bce7cc5,0,1,44,43,0.07980235289175842,0.04886076339455538,1,1,45,44,0.06002270940966396,0.047777801752090454,2,1,45,44,0.05888848197223111,0.04769819297573783,0,-0.01977964348209446,-0.0010829616424649288,0,-0.020913870919527316,-0.0011625704188175517
libero_10__task_06__episode_02__sampling_seed_20260807,evidence/pi05_rtc_overlap_primary_v3_seed_20260807_001/evaluation#sampling_seed=20260807,libero_10__task_06__episode_02,libero_10,6,2,20260807,c3bce1c646797c7a2927e5bf81f9c4587f119bf27a9fdd3cd77a34521bce7cc5,0,1,52,51,0.0783606700635716,0.041889221060509775,1,1,42,41,0.06463058329210049,0.05073620633381169,2,1,46,45,0.060254377375046415,0.04670086039437188,0,-0.013730086771471112,0.008846985273301917,0,-0.018106292688525184,0.004811639333862104
libero_10__task_06__episode_03__sampling_seed_20260806,evidence/pi05_rtc_overlap_primary_v3_seed_20260806_001/evaluation#sampling_seed=20260806,libero_10__task_06__episode_03,libero_10,6,3,20260806,d12eb4bd16ccc308ca1160011c4c1c9277390ac498b270623c63bdafc2bf2272,2,1,42,41,0.08721396826752802,0.05094349820439408,0,1,43,42,0.06616520580081713,0.04959969435419355,1,1,42,41,0.07362431817029308,0.051291096501234104,0,-0.02104876246671089,-0.0013438038502005326,0,-0.013589650097234937,0.00034759829684002236
libero_10__task_06__episode_03__sampling_seed_20260807,evidence/pi05_rtc_overlap_primary_v3_seed_20260807_001/evaluation#sampling_seed=20260807,libero_10__task_06__episode_03,libero_10,6,3,20260807,d12eb4bd16ccc308ca1160011c4c1c9277390ac498b270623c63bdafc2bf2272,2,1,41,40,0.08932095468044281,0.051737965643405916,0,1,41,40,0.06693888518493622,0.05176773369312286,1,1,43,42,0.06314941116475634,0.0022425523826054166,0,-0.022382069495506585,2.97680497169453e-05,0,-0.02617154351568647,-0.0494954132608005
libero_10__task_06__episode_04__sampling_seed_20260806,evidence/pi05_rtc_overlap_primary_v3_seed_20260806_001/evaluation#sampling_seed=20260806,libero_10__task_06__episode_04,libero_10,6,4,20260806,712018178b3648b8ceac64368609cd8d55939e46c79ad7357432c3a0b04c4391,1,1,46,45,0.07813767070571581,0.04655177460776435,2,1,45,44,0.07812565560875968,0.13892245969989084,0,1,49,48,0.05565245315665379,0.04397067427635193,0,-1.2015096956127791e-05,0.09237068509212648,0,-0.02248521754906202,-0.002581100331412421
libero_10__task_06__episode_04__sampling_seed_20260807,evidence/pi05_rtc_overlap_primary_v3_seed_20260807_001/evaluation#sampling_seed=20260807,libero_10__task_06__episode_04,libero_10,6,4,20260807,712018178b3648b8ceac64368609cd8d55939e46c79ad7357432c3a0b04c4391,1,1,45,44,0.07278814281082967,0.002265919338573109,2,1,46,45,0.07945229022039307,0.09061149756113689,0,1,43,42,0.09516803773918323,0.049437250409807475,0,0.006664147409563406,0.08834557822256378,0,0.022379894928353558,0.04717133107123436
libero_10__task_06__episode_05__sampling_seed_20260806,evidence/pi05_rtc_overlap_primary_v3_seed_20260806_001/evaluation#sampling_seed=20260806,libero_10__task_06__episode_05,libero_10,6,5,20260806,37ab2e6c747a52455e6d66a2abb6fc772e38c2d45ed6e4910734da45f3b59cc5,0,1,44,43,0.08102885421452134,0.002094504445098167,1,0,105,104,0.08006911800923543,0.17489893791767266,2,1,48,47,0.07722883835989744,0.04510451884979897,-1,-0.000959736205285916,0.1728044334725745,0,-0.0038000158546239032,0.0430100144047008
libero_10__task_06__episode_05__sampling_seed_20260807,evidence/pi05_rtc_overlap_primary_v3_seed_20260807_001/evaluation#sampling_seed=20260807,libero_10__task_06__episode_05,libero_10,6,5,20260807,37ab2e6c747a52455e6d66a2abb6fc772e38c2d45ed6e4910734da45f3b59cc5,0,1,44,43,0.08085430192566195,0.0947653803714486,1,1,46,45,0.07347385047210588,0.002102221382988824,2,1,46,45,0.0774993411368794,0.04648686514960395,0,-0.007380451453556078,-0.09266315898845978,0,-0.003354960788782557,-0.048278515221844655
libero_10__task_06__episode_06__sampling_seed_20260806,evidence/pi05_rtc_overlap_primary_v3_seed_20260806_001/evaluation#sampling_seed=20260806,libero_10__task_06__episode_06,libero_10,6,6,20260806,524b6a3f00ac019bc07b36bb64befbb9839dc0e5c42c902ad725724b567cfaca,2,1,47,46,0.09297774910278943,0.04523205757141113,0,1,44,43,0.06731724119636902,0.04844585546227389,1,1,44,43,0.07321065681618313,0.04860900307810584,0,-0.02566050790642041,0.003213797890862756,0,-0.019767092286606294,0.0033769455066947063
libero_10__task_06__episode_06__sampling_seed_20260807,evidence/pi05_rtc_overlap_primary_v3_seed_20260807_001/evaluation#sampling_seed=20260807,libero_10__task_06__episode_06,libero_10,6,6,20260807,524b6a3f00ac019bc07b36bb64befbb9839dc0e5c42c902ad725724b567cfaca,2,1,47,46,0.09363068848767359,0.045410840407661766,0,1,47,46,0.06332188425585628,0.04529707198557646,1,1,48,47,0.06811507126474951,0.044943539386099955,0,-0.03030880423181731,-0.00011376842208530441,0,-0.025515617222924072,-0.0004673010215618112
libero_10__task_07__episode_02__sampling_seed_20260806,evidence/pi05_rtc_overlap_primary_v3_seed_20260806_001/evaluation#sampling_seed=20260806,libero_10__task_07__episode_02,libero_10,7,2,20260806,f0031e0f71375e8cdf20244823cb4e48f729dcad2d07b0445e08462d9be4f68b,1,1,52,51,0.10217110421873775,0.0420501290583143,2,1,51,50,0.09587304912507534,0.0026186561584472657,0,1,51,50,0.08371756669133902,0.0029520034790039063,0,-0.006298055093662408,-0.03943147289986704,0,-0.018453537527398728,-0.039098125579310396
libero_10__task_07__episode_02__sampling_seed_20260807,evidence/pi05_rtc_overlap_primary_v3_seed_20260807_001/evaluation#sampling_seed=20260807,libero_10__task_07__episode_02,libero_10,7,2,20260807,f0031e0f71375e8cdf20244823cb4e48f729dcad2d07b0445e08462d9be4f68b,1,1,50,49,0.11998462277863707,0.016251977609128367,2,1,51,50,0.12233740640804172,0.04245897054672241,0,1,49,48,0.12836208233299354,0.0024469432731469474,0,0.0023527836294046506,0.026206992937594042,0,0.008377459554356467,-0.013805034335981419
libero_10__task_07__episode_03__sampling_seed_20260806,evidence/pi05_rtc_overlap_primary_v3_seed_20260806_001/evaluation#sampling_seed=20260806,libero_10__task_07__episode_03,libero_10,7,3,20260806,45e39e1ccb71c9136dd9e12680d7bad59c075bf90afaa179b8aa654c0e7187e7,0,1,48,47,0.13618490416952905,0.08775027127976114,1,1,49,48,0.08157585830970977,0.002385723094145457,2,1,49,48,0.09483100609698643,0.002713716278473536,0,-0.05460904585981928,-0.08536454818561567,0,-0.041353898072542625,-0.0850365550012876
libero_10__task_07__episode_03__sampling_seed_20260807,evidence/pi05_rtc_overlap_primary_v3_seed_20260807_001/evaluation#sampling_seed=20260807,libero_10__task_07__episode_03,libero_10,7,3,20260807,45e39e1ccb71c9136dd9e12680d7bad59c075bf90afaa179b8aa654c0e7187e7,0,1,51,50,0.12787820473313333,0.042167599201202395,1,1,51,50,0.08998881798237562,0.08265129089355469,2,1,50,49,0.09103288759990615,0.0025905857280809053,0,-0.0378893867507577,0.040483691692352296,0,-0.03684531713322718,-0.03957701347312149
libero_10__task_07__episode_04__sampling_seed_20260806,evidence/pi05_rtc_overlap_primary_v3_seed_20260806_001/evaluation#sampling_seed=20260806,libero_10__task_07__episode_04,libero_10,7,4,20260806,5ec30e1ae57b0e35bd82ebb7bb042bf200709ff88e49a0c3c83238eabaac8e18,2,1,71,70,0.15258150837783302,0.11656030757086618,0,1,53,52,0.10057365408955285,0.04032371708979973,1,1,53,52,0.09156855720525178,0.040910120193774886,0,-0.05200785428828017,-0.07623659048106644,0,-0.06101295117258124,-0.07565018737709128
libero_10__task_07__episode_04__sampling_seed_20260807,evidence/pi05_rtc_overlap_primary_v3_seed_20260807_001/evaluation#sampling_seed=20260807,libero_10__task_07__episode_04,libero_10,7,4,20260807,5ec30e1ae57b0e35bd82ebb7bb042bf200709ff88e49a0c3c83238eabaac8e18,2,1,65,64,0.14202479412779212,0.0645866533741355,0,1,66,65,0.11281687078567651,0.09430206097089328,1,1,65,64,0.13523601563065313,0.12440003082156181,0,-0.02920792334211561,0.02971540759675778,0,-0.006788778497138992,0.05981337744742632
libero_10__task_07__episode_05__sampling_seed_20260806,evidence/pi05_rtc_overlap_primary_v3_seed_20260806_001/evaluation#sampling_seed=20260806,libero_10__task_07__episode_05,libero_10,7,5,20260806,289050831b25d5e843e82fa8544d6accb5cd45b582ef0cc953d0fafc388adf8c,1,1,53,52,0.10555367748467968,0.07903859133903797,2,1,54,53,0.07922049084643148,0.039790268214243765,0,1,53,52,0.08828996540978551,0.04026155517651485,0,-0.0263331866382482,-0.039248323124794204,0,-0.017263712074894175,-0.03877703616252312
libero_10__task_07__episode_05__sampling_seed_20260807,evidence/pi05_rtc_overlap_primary_v3_seed_20260807_001/evaluation#sampling_seed=20260807,libero_10__task_07__episode_05,libero_10,7,5,20260807,289050831b25d5e843e82fa8544d6accb5cd45b582ef0cc953d0fafc388adf8c,1,1,52,51,0.09796616577488534,0.011257421736623727,2,1,51,50,0.0928619274124503,0.0019273114204406737,0,1,52,51,0.09927326729338543,0.04197025065328561,0,-0.005104238362435037,-0.009330110316183055,0,0.0013071015185000812,0.03071282891666188
libero_10__task_07__episode_06__sampling_seed_20260806,evidence/pi05_rtc_overlap_primary_v3_seed_20260806_001/evaluation#sampling_seed=20260806,libero_10__task_07__episode_06,libero_10,7,6,20260806,160d322d45fc62aa72e584d9c68f2aa8175f575f458ddc497a7b0377d4cc123e,0,1,61,60,0.12117107342928649,0.10197865764300028,1,1,63,62,0.092882705882432,0.09881451245277159,2,1,62,61,0.14335741365297897,0.19834130611576017,0,-0.028288367546854487,-0.003164145190228687,0,0.02218634022369248,0.0963626484727599
libero_10__task_07__episode_06__sampling_seed_20260807,evidence/pi05_rtc_overlap_primary_v3_seed_20260807_001/evaluation#sampling_seed=20260807,libero_10__task_07__episode_06,libero_10,7,6,20260807,160d322d45fc62aa72e584d9c68f2aa8175f575f458ddc497a7b0377d4cc123e,0,1,78,77,0.14628165723247963,0.36604269526221533,1,1,93,92,0.10754399503702702,0.4360036998987198,2,1,76,75,0.11158105028172334,0.24366539398829143,0,-0.038737662195452605,0.06996100463650445,0,-0.03470060695075629,-0.1223773012739239
libero_10__task_08__episode_02__sampling_seed_20260806,evidence/pi05_rtc_overlap_primary_v3_seed_20260806_001/evaluation#sampling_seed=20260806,libero_10__task_08__episode_02,libero_10,8,2,20260806,a62bbeb7f92a949807840bc0bb118d7fb524ae7370fc7197e9f4b0fad5b7d398,2,1,81,80,0.07961755290161818,0.0024410277605056764,0,0,105,104,0.07651482828749487,0.09819771292117926,1,1,93,92,0.06979708758223316,0.06797829723876456,-1,-0.003102724614123309,0.0957566851606736,0,-0.009820465319385019,0.06553726947825889
libero_10__task_08__episode_02__sampling_seed_20260807,evidence/pi05_rtc_overlap_primary_v3_seed_20260807_001/evaluation#sampling_seed=20260807,libero_10__task_08__episode_02,libero_10,8,2,20260807,a62bbeb7f92a949807840bc0bb118d7fb524ae7370fc7197e9f4b0fad5b7d398,2,0,105,104,0.11250427765592647,0.11703220582925357,0,1,93,92,0.06804633782872849,0.023775952017825584,1,1,95,94,0.07208829804105645,0.04949134841878364,1,-0.04445793982719798,-0.09325625381142799,1,-0.04041597961487002,-0.06754085741046993
libero_10__task_08__episode_03__sampling_seed_20260806,evidence/pi05_rtc_overlap_primary_v3_seed_20260806_001/evaluation#sampling_seed=20260806,libero_10__task_08__episode_03,libero_10,8,3,20260806,a3c33acc5e599c572f7e9ec5383536911846962e48d9e41d1afe98483fdc9a14,1,0,105,104,0.10238512984226243,0.079024765927058,2,1,78,77,0.06020362421192906,0.02798253297805786,0,1,78,77,0.06852221867529215,0.02830103775123497,1,-0.04218150563033337,-0.051042232949000135,1,-0.03386291116697028,-0.050723728175823025
libero_10__task_08__episode_03__sampling_seed_20260807,evidence/pi05_rtc_overlap_primary_v3_seed_20260807_001/evaluation#sampling_seed=20260807,libero_10__task_08__episode_03,libero_10,8,3,20260807,a3c33acc5e599c572f7e9ec5383536911846962e48d9e41d1afe98483fdc9a14,1,1,78,77,0.07027997862692777,0.02848705378445712,2,1,82,81,0.06052772061508379,0.0751575658350815,0,1,82,81,0.061564136790916504,0.026822800989504212,0,-0.009752258011843977,0.04667051205062438,0,-0.008715841836011262,-0.001664252794952907
libero_10__task_08__episode_04__sampling_seed_20260806,evidence/pi05_rtc_overlap_primary_v3_seed_20260806_001/evaluation#sampling_seed=20260806,libero_10__task_08__episode_04,libero_10,8,4,20260806,be0255d74af4825a455b693f312de06e45ba3b6abab0cc08b7744a7fdc3e0318,0,1,93,92,0.08405243157935531,0.023644786166108173,1,1,82,81,0.05625943915435561,0.05148222269835295,2,1,85,84,0.06315268542883652,0.0022645926191693262,0,-0.027792992424999698,0.02783743653224478,0,-0.02089974615051879,-0.021380193546938847
libero_10__task_08__episode_04__sampling_seed_20260807,evidence/pi05_rtc_overlap_primary_v3_seed_20260807_001/evaluation#sampling_seed=20260807,libero_10__task_08__episode_04,libero_10,8,4,20260807,be0255d74af4825a455b693f312de06e45ba3b6abab0cc08b7744a7fdc3e0318,0,1,81,80,0.0656807926367037,0.05215984806418419,1,1,79,78,0.0572186149417972,0.02745591753568405,2,1,79,78,0.057965314493347436,0.028072169193854697,0,-0.008462177694906509,-0.02470393052850014,0,-0.007715478143356269,-0.02408767887032949
libero_10__task_08__episode_05__sampling_seed_20260806,evidence/pi05_rtc_overlap_primary_v3_seed_20260806_001/evaluation#sampling_seed=20260806,libero_10__task_08__episode_05,libero_10,8,5,20260806,e4d9602b999c3e8953a0f7a80546b4ef41219d1317b1b420947bb7a974673a83,2,1,84,83,0.07119508025920894,0.07418206585458963,0,1,79,78,0.06071082941996746,0.05324041614165673,1,1,81,80,0.061566372716333716,0.027085936814546584,0,-0.010484250839241482,-0.0209416497129329,0,-0.009628707542875224,-0.04709612904004304
libero_10__task_08__episode_05__sampling_seed_20260807,evidence/pi05_rtc_overlap_primary_v3_seed_20260807_001/evaluation#sampling_seed=20260807,libero_10__task_08__episode_05,libero_10,8,5,20260807,e4d9602b999c3e8953a0f7a80546b4ef41219d1317b1b420947bb7a974673a83,2,1,82,81,0.07863422363628576,0.12577031718360054,0,1,83,82,0.055266183153612584,0.07501663885465483,1,1,81,80,0.06437923882622272,0.02781175300478935,0,-0.02336804048267318,-0.050753678328945714,0,-0.014254984810063043,-0.09795856417881119
libero_10__task_08__episode_06__sampling_seed_20260806,evidence/pi05_rtc_overlap_primary_v3_seed_20260806_001/evaluation#sampling_seed=20260806,libero_10__task_08__episode_06,libero_10,8,6,20260806,28b93002c3a1c95959deb78f136d01930f6c17e8d3b388bd0c16824ed3e10c2d,1,1,79,78,0.07691979568260603,0.027590214441984128,2,1,77,76,0.06341110617167463,0.028137894053208202,0,1,77,76,0.06643989410153345,0.0024168899184779115,0,-0.013508689510931399,0.0005476796112240737,0,-0.010479901581072579,-0.025173324523506218
libero_10__task_08__episode_06__sampling_seed_20260807,evidence/pi05_rtc_overlap_primary_v3_seed_20260807_001/evaluation#sampling_seed=20260807,libero_10__task_08__episode_06,libero_10,8,6,20260807,28b93002c3a1c95959deb78f136d01930f6c17e8d3b388bd0c16824ed3e10c2d,1,0,105,104,0.10034094892370586,0.04017607351908317,2,1,103,102,0.06306591951379589,0.04097364988981509,0,1,101,100,0.06926158515736461,0.06230310261249542,1,-0.03727502940990997,0.0007975763707319186,1,-0.031079363766341253,0.02212702909341225
libero_10__task_09__episode_02__sampling_seed_20260806,evidence/pi05_rtc_overlap_primary_v3_seed_20260806_001/evaluation#sampling_seed=20260806,libero_10__task_09__episode_02,libero_10,9,2,20260806,d8d6b272b57a350fe8cf23d0c611bb66338e16ce48404cba48619d043ed490fe,0,1,50,49,0.10704268450487633,0.0437075957960012,1,1,49,48,0.09095582356288408,0.08594681943456332,2,1,50,49,0.09805115228708909,0.04386724379597878,0,-0.016086860941992256,0.042239223638562126,0,-0.008991532217787243,0.00015964799997758572
libero_10__task_09__episode_02__sampling_seed_20260807,evidence/pi05_rtc_overlap_primary_v3_seed_20260807_001/evaluation#sampling_seed=20260807,libero_10__task_09__episode_02,libero_10,9,2,20260807,d8d6b272b57a350fe8cf23d0c611bb66338e16ce48404cba48619d043ed490fe,0,1,50,49,0.09729299660087848,0.002656858794543208,1,1,51,50,0.08744563907384872,0.08217775344848632,2,1,50,49,0.09475891235075434,0.002988362798885423,0,-0.009847357527029754,0.07952089465394312,0,-0.0025340842501241356,0.0003315040043422152
libero_10__task_09__episode_03__sampling_seed_20260806,evidence/pi05_rtc_overlap_primary_v3_seed_20260806_001/evaluation#sampling_seed=20260806,libero_10__task_09__episode_03,libero_10,9,3,20260806,973dde09cf9c2b707284656208bff2e46a92f35167636f54e38ecf1579f5ead8,2,1,53,52,0.12704982956011707,0.07912839146760794,0,1,54,53,0.0984849054190629,0.11495347067994892,1,1,53,52,0.09923089044884993,0.11674487246916844,0,-0.028564924141054174,0.035825079212340974,0,-0.027818939111267135,0.037616481001560495
libero_10__task_09__episode_03__sampling_seed_20260807,evidence/pi05_rtc_overlap_primary_v3_seed_20260807_001/evaluation#sampling_seed=20260807,libero_10__task_09__episode_03,libero_10,9,3,20260807,973dde09cf9c2b707284656208bff2e46a92f35167636f54e38ecf1579f5ead8,2,1,53,52,0.14582847703534824,0.0028774325664226827,0,1,53,52,0.10524263553536282,0.0406679637157,1,1,53,52,0.1054312837883257,0.04089662203421959,0,-0.04058584149998541,0.037790531149277315,0,-0.04039719324702254,0.03801918946779691
libero_10__task_09__episode_04__sampling_seed_20260806,evidence/pi05_rtc_overlap_primary_v3_seed_20260806_001/evaluation#sampling_seed=20260806,libero_10__task_09__episode_04,libero_10,9,4,20260806,02cf64d407aa74f83fb60980f2df2d2d19f2d977da949642f4a4e7b3f3140b9f,1,1,50,49,0.12717698696924715,0.08279835083046738,2,1,50,49,0.09216638764708626,0.0026906740908720053,0,1,49,48,0.09715098751864086,0.002788059413433075,0,-0.035010599322160885,-0.08010767673959537,0,-0.030025999450606286,-0.08001029141703431
libero_10__task_09__episode_04__sampling_seed_20260807,evidence/pi05_rtc_overlap_primary_v3_seed_20260807_001/evaluation#sampling_seed=20260807,libero_10__task_09__episode_04,libero_10,9,4,20260807,02cf64d407aa74f83fb60980f2df2d2d19f2d977da949642f4a4e7b3f3140b9f,1,1,51,50,0.13113699737936257,0.08261260986328126,2,1,51,50,0.11240141794085502,0.08287413358688354,0,1,50,49,0.09214351942040483,0.0028425771362927494,0,-0.018735579438507552,0.0002615237236022888,0,-0.038993477958957745,-0.0797700327269885
libero_10__task_09__episode_05__sampling_seed_20260806,evidence/pi05_rtc_overlap_primary_v3_seed_20260806_001/evaluation#sampling_seed=20260806,libero_10__task_09__episode_05,libero_10,9,5,20260806,0d72b690c17abc109efbecd8b6d3e5ec4206898b600242288a5974591c93a08a,0,1,53,52,0.14905637850125247,0.04075098725465628,1,1,51,50,0.12098996832966805,0.04194398283958435,2,0,105,104,0.13831652216434193,0.041436719779784865,0,-0.028066410171584427,0.0011929955849280735,-1,-0.010739856336910547,0.0006857325251285878
libero_10__task_09__episode_05__sampling_seed_20260807,evidence/pi05_rtc_overlap_primary_v3_seed_20260807_001/evaluation#sampling_seed=20260807,libero_10__task_09__episode_05,libero_10,9,5,20260807,0d72b690c17abc109efbecd8b6d3e5ec4206898b600242288a5974591c93a08a,0,1,50,49,0.11799438727297346,0.043565724577222555,1,1,50,49,0.07789596706172641,0.04347466327706162,2,1,50,49,0.08545229021383792,0.04362495821349475,0,-0.04009842021124704,-9.106130016093422e-05,0,-0.032542097059135536,5.923363627219347e-05
libero_10__task_09__episode_06__sampling_seed_20260806,evidence/pi05_rtc_overlap_primary_v3_seed_20260806_001/evaluation#sampling_seed=20260806,libero_10__task_09__episode_06,libero_10,9,6,20260806,27425e501d50ae6c307591d50caf7eef6f52905cd226717c6bc1307056dc3528,2,1,50,49,0.10581992137036761,0.04379684462839244,0,1,48,47,0.08234125435193802,0.04529815024517952,1,1,49,48,0.08853866055142134,0.08616587147116661,0,-0.023478667018429586,0.0015013056167870811,0,-0.017281260818946265,0.042369026842774174
libero_10__task_09__episode_06__sampling_seed_20260807,evidence/pi05_rtc_overlap_primary_v3_seed_20260807_001/evaluation#sampling_seed=20260807,libero_10__task_09__episode_06,libero_10,9,6,20260807,27425e501d50ae6c307591d50caf7eef6f52905cd226717c6bc1307056dc3528,2,1,49,48,0.12283741729333997,0.0027224657436211905,0,1,49,48,0.07841709884814918,0.0024964498976866403,1,1,48,47,0.0954533346552164,0.002788184805119291,0,-0.04442031844519079,-0.00022601584593455026,0,-0.027384082638123572,6.571906149810056e-05
